"id","name","image_url"
1,Microchip Technology Inc.(マイクロチップ)/Atmel Corporation(アトメル),
2,OptoSupply,
3,"COMFORTABLE ELECTRONIC CO., LTD(COMF)",
4,Useconn Electronics Ltd.,
5,株式会社Ｍ・Ｙ・Ｇ,
6,日清紡マイクロデバイス株式会社(JRC/NewJRC/NJR),
7,Alphaplus Connectors and Cables Corp.,
8,株式会社秋月電子通商,
9,太洋電機産業株式会社(goot),
10,シャープ株式会社(SHARP),
11,"Neltron Industrial Co., Ltd.",
12,グローバル電子株式会社,
13,HOLTEK SEMICONDUCTOR INC.,
14,株式会社村田製作所(muRata),
15,"Cosland Co,. Ltd.",
16,株式会社東芝セミコンダクター社(TOSHIBA),
999990,なし,
17,"UNISONIC TECHNOLOGIES CO.,LTD (ユニソニック・UTC)",
18,Texas Instruments (TI) (Burr Brown (BB) / National Semiconductor (NS)),
19,株式会社矢島製作所,
20,"Nanyang Senba OpticalandElectronic Co.,Ltd.",
21,協和ハーモネット株式会社,
22,"4UCON TECHNOLOGY INC.",
23,"Zhejiang Jianfu Electronics Co., Ltd",
24,"Supertech Electronic Co., Ltd.",
